{"contributors": null, "truncated": false, "text": "@AndreaLibman Perhaps see if @buildabear still has some ponies left?", "is_quote_status": false, "in_reply_to_status_id": 669565796805246976, "id": 669611796609765376, "favorite_count": 0, "source": "Twitter for Android Tablets", "retweeted": false, "coordinates": null, "entities": {"symbols": [], "user_mentions": [{"id": 392460743, "indices": [0, 13], "id_str": "392460743", "screen_name": "AndreaLibman", "name": "Andrea Libman"}, {"id": 14997308, "indices": [29, 40], "id_str": "14997308", "screen_name": "buildabear", "name": "Build-A-BearWorkshop"}], "hashtags": [], "urls": []}, "in_reply_to_screen_name": "AndreaLibman", "in_reply_to_user_id": 392460743, "retweet_count": 0, "id_str": "669611796609765376", "favorited": false, "user": {"follow_request_sent": false, "has_extended_profile": false, "profile_use_background_image": true, "default_profile_image": false, "id": 4020151696, "profile_background_image_url_https": "https://abs.twimg.com/images/themes/theme1/bg.png", "verified": false, "profile_text_color": "333333", "profile_image_url_https": "https://pbs.twimg.com/profile_images/657332685623435265/uuBKjqeY_normal.jpg", "profile_sidebar_fill_color": "DDEEF6", "entities": {"description": {"urls": []}}, "followers_count": 277, "profile_sidebar_border_color": "C0DEED", "id_str": "4020151696", "profile_background_color": "C0DEED", "listed_count": 4, "is_translation_enabled": false, "utc_offset": null, "statuses_count": 719, "description": "I live in Elkhart, IN, with my brother. I draw fan art, and aspire to be a professional comic artist.", "friends_count": 892, "location": "", "profile_link_color": "0084B4", "profile_image_url": "http://pbs.twimg.com/profile_images/657332685623435265/uuBKjqeY_normal.jpg", "following": false, "geo_enabled": false, "profile_background_image_url": "http://abs.twimg.com/images/themes/theme1/bg.png", "screen_name": "crowew1978", "lang": "en", "profile_background_tile": false, "favourites_count": 55, "name": "William Crowe", "notifications": false, "url": null, "created_at": "Thu Oct 22 22:59:54 +0000 2015", "contributors_enabled": false, "time_zone": null, "protected": false, "default_profile": true, "is_translator": false}, "geo": null, "in_reply_to_user_id_str": "392460743", "lang": "en", "created_at": "Wed Nov 25 20:21:07 +0000 2015", "in_reply_to_status_id_str": "669565796805246976", "place": null, "metadata": {"iso_language_code": "en", "result_type": "recent"}}
